,PC1,PC2,PC3,PC4,PC5
1. Demographics::c2,-0.03213283259117657,-0.02418398326761119,-0.12916515167387074,0.11068879321420291,0.12032493083353642
1. Demographics::c4,-0.03864276674739652,-0.01694510663571993,-0.12723561074179277,0.10800786010486109,0.12581398828754306
1. Demographics::c6,-0.04186570402472781,-0.014793331700441198,-0.125339643869558,0.10640607741472366,0.1268735020811418
1. Demographics::c8,-0.060901586947745084,-0.01605541082859578,0.012967242535708178,-0.08012008310849136,0.051931935266547075
1. Demographics::c10,-0.08262312361207373,0.03879295091193111,-0.016563473005258893,-0.04447001607834138,0.015647446516165984
1. Demographics::c12,-0.04331231400638454,-0.014206491714734025,-0.12414559475701613,0.10442948215511946,0.1288398374651573
1. Demographics::c14,-0.0941838210023112,0.01340055564669825,-0.013332509233744723,-0.0313492337611775,0.02139670314780703
1. Demographics::c16,0.07973054073180823,0.006458643612735816,0.001809106719244245,0.05683405838125189,0.04458144067490717
1. Demographics::c18,0.07746258795357344,-0.10890204020005241,-0.036346993498151355,-0.009426192816428933,-0.012599181264949797
1. Demographics::c20,0.08646731966369739,-0.041236104731792525,-0.0260558552282932,0.03209486660006217,-0.05761207768121092
1. Demographics::c22,-0.09285301592547186,0.038475319147469496,-0.012285270840631602,-0.008067883661496964,0.0038826275806263105
1. Demographics::c24,-0.09371925570074281,0.04548084699158348,-0.006554379400552505,-0.0072173842769842015,0.0038000431353132826
1. Demographics::c26,0.07742787192395756,-0.07183932346254895,-0.024711880869809594,0.0011908648480029012,-0.0025286057420514795
1. Demographics::c28,0.049945282825409644,-0.05072696306669218,0.033063514756345454,-0.04998645228934494,0.08888101328900411
1. Demographics::c30,-0.05255733533498627,0.035041194630369345,-0.020017388654841494,-0.027696895549127208,0.0019766572606568105
1. Demographics::c32,-0.07243421741852558,0.08186251166051813,-0.02837662881755607,-0.0148431066128932,-0.0344863625136499
1. Demographics::c34,0.005745738205717841,-0.006760003200787825,-0.02946418455961051,-0.08865785565844206,0.03784395906174067
2. Child Mortality::c2,-0.09283758255606288,0.03344105689180374,-0.0206305322730735,-0.04621093276484703,-0.031817960043083696
2. Child Mortality::c4,-0.09015486212196996,0.0609982193547522,-0.007191389846452261,-0.048120365094096916,0.003227637041307816
2. Child Mortality::c6,-0.0916065177044142,0.011550744474875588,0.0028578694736333733,-0.04416253340853103,0.059697482224710434
2. Child Mortality::c8,-0.006762655395088898,-0.021598037874288167,0.06747740856579373,0.007477286733072995,-0.11552794122163947
2. Child Mortality::c10,-0.09204240072703988,0.014332924639592995,0.003760759376095328,-0.04412433697642363,0.06030098769488376
2. Child Mortality::c12,-0.09101595598999186,0.008225065948625097,0.0018792129515220976,-0.04413660957163332,0.058549237576842335
2. Child Mortality::c14,-0.09047650159036494,0.039759409089419134,0.0001449857678386263,-0.04804795821785793,-0.018260744540410562
2. Child Mortality::c16,-0.08432258311184122,0.026912780292464144,0.03663310116131745,-0.025070060567378937,0.06385790438748869
2. Child Mortality::c18,-0.08675982168797791,-0.0015282099967211119,-0.002195180065548674,-0.06196259649739208,-0.024338101045581203
2. Child Mortality::c20,-0.09012897918182775,0.010491131532862446,0.006388009024313027,-0.0648542634891415,-0.009041066888626487
2. Child Mortality::c22,-0.08654102079206791,0.02891800011347941,0.032509133205483653,-0.026180519795777065,0.05046906096404078
2. Child Mortality::c24,-0.0812476139031615,0.0039963871800762175,0.028331479537367373,0.016809589593480074,-0.06320880476619434
2. Child Mortality::c26,-0.08689894256535756,0.0014905095014598327,-0.005133806203702866,-0.05139973003702727,0.034061464297664996
2. Child Mortality::c28,-0.08488124291291158,-0.0063587105532862545,-0.0034972843275918345,-0.03777727517552898,-0.017031034343385123
2. Child Mortality::c30,-0.0897671257650182,-0.011462619810922807,0.028602495345785114,-0.02764632540932063,0.02694527185335993
2. Child Mortality::c32,0.0010959860373571614,-0.015707896983364257,-0.08077025799755284,-0.01233391953140674,-0.1059670730534943
2. Child Mortality::c34,-0.044502312221370036,-0.01402741862389924,-0.10409723217833482,0.07725489342615185,0.14756222624794574
2. Child Mortality::c36,-0.04485165571844366,-0.011498591692917002,-0.11000006482852884,0.08811889117563933,0.14133419200187616
2. Child Mortality::c38,0.08408455700389307,-0.022288704957828958,0.004710015995487236,0.05276511967563715,-0.042809079809535695
2. Child Mortality::c40,-0.04529564264881839,-0.013682813325286253,-0.10693095453875927,0.07413064410404407,0.14288354144387694
2. Child Mortality::c42,-0.050065016543745886,-0.01495706900572476,-0.10938008838686598,0.09175641405402743,0.13001886708771732
3. Maternal And Ne::c2,0.0823301183118855,-0.03845326975672691,-0.02116759627105878,0.04643663920141267,-0.05316989819469563
3. Maternal And Ne::c4,0.07263384908185704,0.062097241386043174,-0.016218940214041477,0.02745459201520847,-0.04211635437796609
3. Maternal And Ne::c6,0.05995516937270172,0.0983060332315023,-0.03722833501556424,0.05830316228712591,-0.002662529269645636
3. Maternal And Ne::c8,0.07594032225796384,0.07203399643107128,-0.028649718109052823,-0.022967122253233403,-0.038103811277735336
3. Maternal And Ne::c10,0.07852973551384702,0.04342406698172609,-0.02776703767886971,-0.020458981818701434,0.024382325982138697
3. Maternal And Ne::c12,0.08787664995012472,0.03384905781372584,-0.007287408500257263,0.007381092149058248,-0.00016579307535651925
3. Maternal And Ne::c14,0.09006533248827389,0.053651093666926254,-0.031874610125579884,-0.02917265991708346,-0.003213706984761404
3. Maternal And Ne::c16,0.08462121493368653,-0.05945169788449989,-0.03492611585672964,0.05640375048927554,0.004579594978603357
3. Maternal And Ne::c18,0.08878743630050681,0.031329971669617394,-0.0435960219778887,-0.04738844269717478,-0.022589915805615566
3. Maternal And Ne::c20,0.09049005765375043,0.03324591873118047,-0.026829114348490925,-0.07318182702254575,0.009948144458002519
3. Maternal And Ne::c22,-0.036023321363201063,-0.013144338535533222,-0.09722696651137643,0.06790854200146605,0.14506177347049515
3. Maternal And Ne::c24,-0.07835638086416417,-0.004470661814411415,-0.024379005733688595,-0.0303126064341937,0.044955111815531724
3. Maternal And Ne::c26,0.07961056331616959,-0.06787638309006978,-0.04100161237911916,0.03883927357798731,-0.004377215143955454
4. Child Health::c2,0.050460829017934174,0.0498684328745521,-0.05878175401868093,-0.007931160255137354,-0.10711152208091437
4. Child Health::c4,0.05253097023415992,0.0477935426836631,-0.05927071683925878,0.0014028385924177945,-0.11738265316134074
4. Child Health::c6,0.06440373762265589,0.04479806825854887,-0.054366517689436525,0.013975740415476258,-0.12296198209432296
4. Child Health::c8,0.06111307115524662,0.03845679068578542,-0.0618141437091087,0.025311140366950476,-0.11675983659449425
4. Child Health::c10,0.07010211629429135,0.026066707437209076,-0.03199727249233678,0.03605334488784449,-0.12482328075586802
4. Child Health::c12,0.0811000536543306,0.010860806782191942,-0.048950825948322035,0.03601620426572561,-0.11547850887402925
4. Child Health::c14,0.06440373762265589,0.04479806825854887,-0.054366517689436525,0.013975740415476258,-0.12296198209432296
4. Child Health::c16,0.06447367967948622,0.045041718397576785,-0.054285486477409835,0.014152254253043828,-0.12322391156380862
4. Child Health::c18,0.06653796724975092,0.024136304042129672,-0.06761454186853211,-0.018902945901794,-0.1263835640060698
4. Child Health::c20,0.06701088846839316,0.05620882364092354,-0.03400762751804997,-0.03281061622141743,-0.15255773612059736
4. Child Health::c22,0.07641284662470053,0.026985648854814005,-0.05007733500632291,0.021812093732547954,-0.10323247959751851
4. Child Health::c24,0.03853240128230016,0.015943633872334405,0.019843304680577968,0.009807326943930295,-0.04568218925595687
4. Child Health::c26,0.024330241283588024,0.040347823074058126,0.05634417440829023,0.03328041250826788,-0.0005826089712037052
4. Child Health::c28,0.03917766484580597,0.06531779689599343,-0.0492206768933484,-0.0022659401400398145,-0.014561022647689645
4. Child Health::c30,-0.03277856774513993,0.046007774087273356,-0.09390820676107385,-0.026363744807896394,-0.057442009063012035
4. Child Health::c32,-0.03153733701995069,0.0523396096050813,-0.11893964668738334,-0.03937253007138443,-0.08701277896879318
5. Adolescent Heal::c2,-0.08740183366501894,-0.014282071008270369,0.03590816893969704,-0.04145170740580069,0.03548097171316612
5. Adolescent Heal::c4,-0.050152452297166125,-0.02198454183252636,-0.10864383530591072,0.0898148631995129,0.14146833092399053
5. Adolescent Heal::c6,-0.013811050007033383,0.057195187736093694,0.05693821333934275,0.01444220103117548,-0.08252212259481427
5. Adolescent Heal::c8,-0.05537535213976355,0.021254432196881272,0.0465753026257878,-0.07227871789578685,0.04439982627429539
5. Adolescent Heal::c10,-0.07780746286083062,0.05200575279907896,0.034993171350725244,-0.06371582652234499,0.035529123247678776
5. Adolescent Heal::c12,-0.07953853845196704,0.05348745629749992,0.024067078292183828,-0.07680135314621653,0.03343625501621087
5. Adolescent Heal::c14,0.07055072372790762,0.06954152260087758,-0.04216057612952023,0.05977971385113116,-0.03167281898397924
5. Adolescent Heal::c16,0.0685561277255177,0.1005074308887635,-0.03233499538800331,0.026066420394677305,-0.005771700976112782
5. Adolescent Heal::c18,0.0734117564836694,0.04882293494575274,-0.027750838901010082,-0.041514295341808186,0.02301613104563102
5. Adolescent Heal::c20,0.08946765177664211,0.03735949472512167,-0.018107519470998704,-0.009218944603881245,-0.0063461068636472655
5. Adolescent Heal::c22,-0.007511401839811371,0.09440828958587164,-0.06730221230515418,0.011359912412403228,-0.012699045748352783
5. Adolescent Heal::c24,0.032763839561331345,0.0804680242600764,-0.042107906285385285,-0.07104818437867917,0.09379295452223577
5. Adolescent Heal::c26,0.03374312847390116,0.07695333661205687,-0.04084718605235046,-0.07236881911363938,0.0946800175828814
5. Adolescent Heal::c28,0.03342319736168952,-0.02227682555458193,0.05361490468400164,-0.05711241123312956,0.02604790736325803
5. Adolescent Heal::c30,0.013862967244665568,0.03446139161970752,0.06370405828315433,-0.057178114981375774,0.032807163293524955
6. HIV AIDS Epidem::c2,-0.009794916134557198,0.11924017723399592,0.09973967641025099,0.02915446217164445,0.07975146544748635
6. HIV AIDS Epidem::c3,0.00311822210143415,0.11298041256351146,0.12131243208998485,0.06014146832850447,0.05877031018680507
6. HIV AIDS Epidem::c4,0.0029176397200562105,0.11625513848316578,0.11852756249130995,0.057165247681112925,0.06022274903119074
6. HIV AIDS Epidem::c5,0.00459978780925326,0.08752906748830215,0.12586831972914297,0.06892314414659806,0.05100238050421941
6. HIV AIDS Epidem::c6,-0.007683375990781205,0.11495718706404041,0.10484496041683179,0.01668451672810136,0.08248511267800421
6. HIV AIDS Epidem::c7,0.008616220426412862,0.12804539950820332,0.13067884429632404,0.04272746508948097,0.04835650129741445
6. HIV AIDS Epidem::c8,0.009045814827695614,0.12777143681851913,0.13200772308283074,0.045075319353822196,0.05128891114100713
6. HIV AIDS Epidem::c9,0.00813491794637745,0.12801281899873576,0.12893511481313785,0.040239565823742045,0.04517550794995456
6. HIV AIDS Epidem::c10,-0.043127090273513746,0.10091100091802187,-0.03692493355553781,0.10044618992891588,0.0874170998868963
6. HIV AIDS Epidem::c11,-0.03454804074617029,0.11289579104804899,-0.042166740825428754,0.11604013517240087,0.06397511763752443
6. HIV AIDS Epidem::c12,-0.031778440101332635,0.11458031029174497,-0.048230268222241184,0.11728987654053138,0.061572999120194975
6. HIV AIDS Epidem::c13,-0.03032770538604925,0.1163763856951217,-0.05572194429286419,0.12147395494460313,0.05881404149685915
7. HIV AIDS Interv::c2,0.0035978992570753535,0.1286635096851784,0.04254333074174755,-0.034192224407804006,-0.09191906785257686
7. HIV AIDS Interv::c3,0.02423886868936172,0.10859621177921332,-0.017681170037462633,0.0945308434143406,-0.10789391252030325
7. HIV AIDS Interv::c4,0.03417343042515253,0.10783188293338727,-0.0006897558351955565,0.06024284075803549,-0.09515145264773897
7. HIV AIDS Interv::c5,0.0036802074149186953,0.14199430536908497,0.0009933939145800913,0.0690984852456754,-0.020826056972175842
7. HIV AIDS Interv::c7,0.014480869238506631,0.15479636083140969,-0.009503192809523714,0.06321985926983796,0.015249897870541368
7. HIV AIDS Interv::c15,0.00911667449683573,0.16107255618573207,0.062242858981264554,0.0828805656919083,0.010150809036819867
8. Nutrition newbo::c2,-0.0375259864182855,-0.019878761550422456,0.08899966180274482,-0.13178312863613453,-0.031105912587250522
8. Nutrition newbo::c4,0.08907367952859531,0.06073725082637936,-0.009546572426835973,-0.016732767657696882,-0.003036532868260751
8. Nutrition newbo::c6,-0.0806883553289906,0.04671329695664674,-0.01685004050119215,0.038514236618950974,-0.022961267729566786
8. Nutrition newbo::c8,-0.05338659112596027,-0.07944541750520635,0.07858181656673333,0.060014035695661196,-0.01727886497736599
8. Nutrition newbo::c10,-0.053612379636352146,-0.0990167242865852,0.0324981498295518,0.023483038936528765,-0.02622767482007886
8. Nutrition newbo::c12,0.07199423600607137,-0.013645826746637278,0.02561445877066074,0.026616245728788485,0.02010165830191093
8. Nutrition newbo::c14,-0.05445064291119412,0.05929371500510084,-0.05384812843448147,0.057325711486832055,-0.042899565314739214
8. Nutrition newbo::c16,-0.044731125864442896,-0.04560559163667341,-0.05218372346693806,0.011757784419974278,-0.005390861599278236
8. Nutrition newbo::c18,0.0720528610669195,-0.09435895520711336,-0.009770743547168347,-0.0006106903248737967,0.02372952891426076
8. Nutrition newbo::c20,-0.06791568982364186,-0.021483097476379654,-0.009292694275153425,0.04792480877113573,-0.09334874529271162
8. Nutrition newbo::c22,-0.04494707158157388,-0.0206333536454362,0.006313441405630784,-0.12378441769831833,0.022095189466727495
8. Nutrition newbo::c24,0.026944060945385744,0.0960521655931977,-0.08453462387915418,0.06137207077471934,0.006661668392758999
9. Nutrition breas::c2,-0.031584991942254864,0.08091420220588649,0.0005946110059626037,0.06318406107505942,-0.07518095300993435
9. Nutrition breas::c4,-0.019124754030362998,0.09196783849147001,-0.03388833433092906,0.07587265941625952,-0.10051481966501088
9. Nutrition breas::c6,0.05502095386330299,0.07956471083100898,-0.026404349737816114,0.03215045307521678,0.018788334559312034
9. Nutrition breas::c8,-0.06867746343707247,0.028028152382681366,-0.08658990368635755,0.00936486699956002,-0.10853734877142485
9. Nutrition breas::c10,-0.06926613511767778,0.049861950285986285,-0.09088791886001742,-0.0073480500408991635,-0.08644284800479007
9. Nutrition breas::c12,-0.05034773159974066,0.007494259984157616,-0.0696852500543538,0.01038872330722114,-0.1417007507210234
9. Nutrition breas::c14,-0.06722845482194062,-0.04178637215463206,0.06516310788643782,-0.08742238651707479,0.06566587314036945
9. Nutrition breas::c16,-0.019875069361131262,0.12217320421130859,-0.04417111576592556,0.05955742325267837,-0.045888973057420575
9. Nutrition breas::c18,0.08247381860549093,-0.05330519240923096,-0.03562614611211326,0.053845690746335044,-0.05022368587431456
9. Nutrition breas::c20,0.04436297189922095,0.036432068496601924,-0.06933520577829523,0.06330915026849719,-0.035297441191867014
9. Nutrition breas::c22,0.05527857979182,-0.04355679387302911,-0.041388368909275816,0.06788163026384565,-0.06810301278857453
9. Nutrition breas::c24,-0.05343217265205655,-0.06096458903819832,0.05972720623918429,-0.04230152968683981,0.045723204940342974
10. Early Childhoo::c2,0.07034890537682631,0.01712875743131076,-0.06052783897308884,0.0458438099769743,0.03244801311181836
10. Early Childhoo::c4,0.07854693861838648,0.004293691068748184,-0.050782992499116705,0.050493264355598255,0.03303011096422657
10. Early Childhoo::c6,0.07890096606824647,0.009252489133074353,-0.04989423246823036,0.05244864653147879,0.02711401244481946
10. Early Childhoo::c8,0.06851691646366061,0.010531789298641783,-0.05555442219767426,0.06157466940498927,0.0033129916506886323
10. Early Childhoo::c10,0.0651394196628593,0.012703410395610515,-0.04948695452091499,0.021085211846545302,0.058681656451842014
10. Early Childhoo::c12,-0.040009697647282114,-0.08221506488294023,0.021628431150290863,0.1706404167368025,-0.08403646388982619
10. Early Childhoo::c14,-0.040575325071856905,-0.08527684519064377,0.021425120018187867,0.16861886652962746,-0.0812613955702577
10. Early Childhoo::c16,-0.03942893828127587,-0.07931287926810039,0.021608463144034307,0.17238057233432394,-0.08669092898800823
10. Early Childhoo::c18,-0.04897376334225489,-0.07431117834476647,0.03350990032956274,0.16089799243508457,-0.09148755410690328
10. Early Childhoo::c20,-0.03195067044146446,-0.09069791046977345,0.008540598930073038,0.1712560695959408,-0.05781062828963058
10. Early Childhoo::c22,0.09141521742659559,-0.056793667238324595,-0.027578216832216892,0.007872263945887133,0.0423676384976056
10. Early Childhoo::c24,0.0010087068381953732,0.06290490439941501,0.04258773895745309,0.11640121697713063,0.04105907202075577
10. Early Childhoo::c26,-0.0958631817201467,0.009834403351070789,-0.02733397198750059,0.031646463761021426,-0.06326675299008075
10. Early Childhoo::c28,-0.09547842328787651,0.011534297895158484,-0.02768896289306708,0.028607152262501517,-0.06297106517604396
10. Early Childhoo::c30,-0.09557388133729695,0.007355976135103784,-0.029909062207207016,0.02957040068779825,-0.06220399452845321
10. Early Childhoo::c32,-0.09518960568778587,0.02898563155133253,-0.007111947636897722,0.052970594772231414,-0.04522333661426835
10. Early Childhoo::c34,-0.09126005118112049,-0.025396915455429124,-0.003228815840150256,-0.019392348235748,-0.0575227219569106
10. Early Childhoo::c36,0.08263969785476016,0.051131454078748015,-0.07645536309459613,-0.08028588442588372,0.04675102802381705
10. Early Childhoo::c38,0.0813227960631015,0.04798167599162656,-0.07890009432465507,-0.08034312917488454,0.05050853438787749
10. Early Childhoo::c40,0.0837072391081759,0.053891901568552864,-0.0743547551720394,-0.08020842800623414,0.042674524704181496
10. Early Childhoo::c42,0.0814139401203271,0.04574000968463855,-0.07389207751897976,-0.0921330511209769,0.02414876473895926
10. Early Childhoo::c44,0.07539261213681749,0.0667638429473293,-0.09152000343042357,-0.07037066194638304,0.07338169955497804
11. Education::c2,-0.07636786329155965,-0.05780499591746136,0.07142493656397708,-0.0469226813179013,-0.00955031835714501
11. Education::c4,-0.08597787546517137,-0.02190733421871232,0.02565034092850653,-0.07130772729247944,-0.025681798611437916
11. Education::c6,-0.07812810991089982,0.02055733061890946,-0.009547634157334867,-0.05750537590357359,-0.03714975909421849
11. Education::c8,0.08427819439274034,-0.011640192096006663,-0.03153590645531864,0.02336789941278409,0.05827225987453034
11. Education::c10,0.08540999620842513,-0.03690151162566653,-0.02779650462359901,0.0425515322359383,0.06731704366493131
11. Education::c12,0.07931684380677399,-0.06044430964864208,-0.042601805789276526,0.06362254932247381,0.07358969733456674
11. Education::c26,-0.07893559375434718,0.015573052311720556,0.036695665057192045,0.0941609055529972,-0.09668720864453803
12. Child Protecti::c2,-0.07173499936030048,0.046024485211933606,-0.05053850391673554,0.0003266819848436103,-0.06789275106500332
12. Child Protecti::c4,-0.08077075619843399,0.052683824425884124,-0.05115768297693212,0.017452695755944943,-0.056028088135000875
12. Child Protecti::c6,-0.06819372419960008,0.05416753306586483,0.03591930453325825,-0.008425436915087316,0.026927189176473004
12. Child Protecti::c8,-0.09354835625500312,0.0012718905578588723,-0.015810130815239482,-0.022109325161526073,-0.03716993531369464
12. Child Protecti::c10,0.07658301089356903,-0.04137434090383551,-0.023454306274840138,-0.05599614600685511,-0.04454546494527903
12. Child Protecti::c12,0.07822929034008969,-0.031066561586189954,-0.019579495130678526,-0.04914671694157254,-0.046664053197140766
12. Child Protecti::c14,0.0784274583593461,-0.032198373129866585,-0.023596783604175456,-0.05031542020126357,-0.047844150148996255
12. Child Protecti::c16,0.07870382942253419,-0.031592161434421194,-0.02451838370336132,-0.04995369184451605,-0.04850148820106082
12. Child Protecti::c18,0.013175312034247199,-0.12847214047817537,0.1151438339374384,0.004485987606313042,-0.023089379434989628
12. Child Protecti::c22,-0.004644513868866273,0.11352673717647978,-0.08432891229851783,0.07662393323971754,-0.05879902709574712
12. Child Protecti::c24,-0.06366269072423185,0.0016935844999328663,0.0036621779651000853,-0.023885975824863997,0.0025054655491455412
12. Child Protecti::c26,-0.05678721589239639,0.001531098308153098,-0.013339619468559005,-0.02625612119198083,-0.03447677924429788
12. Child Protecti::c28,0.04364100900146664,0.016656354153482777,-0.1484333868039289,-0.09588203591423758,0.02477157696144052
12. Child Protecti::c30,0.047917374693528095,0.016378478761050388,-0.14572879538214042,-0.09259834241616906,0.025439978958056567
12. Child Protecti::c32,0.03887781114149658,0.0167945951481161,-0.15041438219778042,-0.09911931677405941,0.024482460845622216
12. Child Protecti::c36,0.05673932411548695,0.040030549642134934,-0.10379680382617519,-0.04739753129070654,0.03237973480858531
12. Child Protecti::c38,0.06306385849355098,0.08555451311055823,0.044259681669286045,0.01570603546511421,0.004187982470788911
13. Social Protect::c2,0.07471283661105312,0.004808100409912778,-0.038761169316509386,-0.03996146763187076,0.05888851914352312
13. Social Protect::c3,0.04147546796811762,0.00783520133481903,0.0012173018340119848,0.03111930130408684,-0.04235811593407843
13. Social Protect::c8,-0.006487236465402223,-0.10074367845059408,-0.12311738120209295,-0.060791998799686324,-0.06164411098432796
13. Social Protect::c9,0.00639280228347015,0.109587336124199,0.111923588530016,0.08750718976210345,0.03801050867183307
13. Social Protect::c10,0.004552312135643289,-0.09755053904661638,-0.10407094075538573,-0.008348217033117486,-0.0602339094874303
13. Social Protect::c11,0.009732027666078079,0.10364484766542954,0.12081657227941667,0.10187374860154597,0.0442379354170217
13. Social Protect::c12,0.01209359480889328,0.08586021810556688,0.13094113304304555,0.09063735282196507,0.05322409745690515
13. Social Protect::c13,-0.008113095737074865,-0.1130821875279579,-0.07973160684549338,-0.03800899551960303,-0.05950386564945237
13. Social Protect::c14,0.07641660616119132,-0.04588616825752262,0.013682865385348629,-0.047054829520359165,0.08291342360980787
13. Social Protect::c15,-0.06955947160275018,0.050230566292254496,0.039011035374786736,-0.03408881993784364,0.012618434792089036
13. Social Protect::c17,-0.08686177962179155,-0.015553763645577591,0.045074605716131616,-0.0017137774964723653,-0.016013921354291697
13. Social Protect::c19,-0.08527466695058021,-0.022248608592419603,0.028553905167699966,0.009543669277041752,-0.016783283613435836
13. Social Protect::c21,-0.07347161152756097,-0.015394137692950352,0.02808842024885245,0.020678025901867948,0.008074576669648297
14.1. WASH::c2,0.08117142777532056,-0.10502778839009319,0.03200480655131656,0.04974396300091274,0.014409738015698705
14.1. WASH::c4,0.08637294925372742,-0.04222157862436456,0.013277494321685023,-0.03630558797232265,0.05164178178420056
14.1. WASH::c6,-0.06084048570583338,0.003061369241306838,0.002164682193216007,0.07836527161333412,-0.10326691014312495
14.1. WASH::c8,-0.0753589885640282,0.040034719325073215,-0.03556426284540743,-0.04796088108418042,0.0063862191920721146
14.1. WASH::c10,-0.04748639902632654,0.07871728821651694,0.01190998496386162,0.06758809823928011,-0.0005514178469061943
14.1. WASH::c12,0.06550477454992905,-0.013411989026823494,0.045738127564575494,0.1183925186393325,-0.006841823078598582
14.1. WASH::c14,0.08944355974968203,-0.07724970844388619,0.00014866058082377057,0.03761690333673286,-0.00292230439796181
14.1. WASH::c16,-0.02646157799615219,0.09773110704528187,0.00638004960281995,-0.07581713818389504,0.029074003411460124
14.1. WASH::c18,-0.059687117172375063,0.06557035876586544,-0.035604079975868265,0.01874263945244436,0.020794864008605987
14.1. WASH::c20,-0.063722065100653,-0.0009509722180232213,0.028153050254987842,-0.028832009650910487,-0.031226098252755408
14.1. WASH::c22,0.08780122202139042,-0.07099507512306637,-0.014461552897071137,0.04061486370252383,0.007872841257007464
14.1. WASH::c24,-0.05252496759658469,0.058743727739139204,0.0029084127167462465,0.03110639041314787,-0.055535126353758936
14.1. WASH::c26,-0.04295066075705223,0.05020353961237165,0.02382943614203428,-0.10878485065024339,0.06702498733486496
14.2. WASH::c2,0.09699806897752188,-0.00296512435344588,0.027775201349993194,-0.006835095502969889,-0.016948088692991938
14.2. WASH::c6,-0.07865065514212846,0.03203839726039024,-0.027764279647370407,-0.05257220106629214,0.04257290643209757
14.2. WASH::c8,0.0978892672746322,0.013967689715306096,0.030466016258544594,0.06259464641924344,0.024183160027857687
14.2. WASH::c12,-0.06983465730144595,0.015712151452740197,-0.014340273534194387,-0.047790183729905886,0.0297042513385801
14.2. WASH::c14,0.0875890316106467,0.012773486185109267,0.04812277592701222,-0.016879109147600397,0.05363818161363094
14.2. WASH::c16,0.08758903161062442,0.012773486185422926,0.04812277592745273,-0.01687910914728634,0.05363818161376862
14.3. WASH::c6,-0.04562747776598323,-0.003709664191559885,-0.0157922630982006,-0.1172819315093685,0.07472365335445705
15. Adolescents::c2,-0.0363220591711179,-0.017811480280032408,-0.128104064404034,0.10923760151292482,0.12366335216095625
15. Adolescents::c4,-0.08788680777428186,0.06511412817919861,0.007720850351218489,0.02040213289215545,-0.0456571449728391
15. Adolescents::c6,-0.04952462143127508,-0.04159650865069456,-0.047837570300319786,0.019332587829181777,-0.0069460893792676745
15. Adolescents::c8,0.07459513215522186,-0.09410833989510359,-0.004406637030354086,-0.002410368054749,0.021874110282761594
15. Adolescents::c10,0.040348573110283656,0.10581603114842587,-0.018843639275746643,-0.0786462466599757,0.0772433626848787
15. Adolescents::c24,-0.0033655981051917516,-0.03202008991459625,0.09056918597312129,-0.0821291360811941,0.02219602312138843
15. Adolescents::c26,-0.028848846900186038,-0.07096948397145354,0.0893517730348542,-0.0336859406584912,-0.015914727008538968
15. Adolescents::c28,0.04249330966228228,-0.05447095876206429,0.13412715588578397,0.02044758630420876,0.02847022511664625
15. Adolescents::c30,0.05454031085151986,-0.06617843178787024,0.1349277573396824,0.033546549108816645,0.04198430548723658
15. Adolescents::c32,-0.058358932801489856,0.03563295088921078,-0.02714760121018009,-0.08768815594144155,0.03705333223354611
15. Adolescents::c34,-0.06403224685669207,0.020366636342638685,-0.032836256502484645,-0.10007800522705083,-0.020851238152983183
17. Women's Econ E::c2,-0.005931859362873318,-0.1321379904749562,-0.03991882702480299,-0.030185107344422844,-0.01023217947070831
17. Women's Econ E::c6,0.053011507455298555,0.01839539997138065,-0.05443452469172796,-0.019937131884117505,0.16676323970552512
17. Women's Econ E::c8,0.05618424593919905,0.015054110552993332,-0.031868943523123625,0.04626542178325935,0.1279278031357574
17. Women's Econ E::c10,-0.04928993253930387,0.022638782065250346,-0.06034439716768469,0.029809917059997162,-0.014472495763173046
17. Women's Econ E::c12,-0.0021591949652146427,0.08000593309693137,-0.05010242723183825,0.07969291333653421,0.018424634821283085
17. Women's Econ E::c14,-0.04639318182318362,0.042572771233643086,-0.06340926686125922,0.05091011272900122,-0.013908449425769112
17. Women's Econ E::c16,-0.06073251322921192,0.12205986131268633,-0.027200088382507277,0.0019185477121668125,-0.008304462567738436
17. Women's Econ E::c18,-0.03002611978891619,0.13661905843984062,-0.006979409203231129,0.00969069087545081,0.02771163010645085
17. Women's Econ E::c20,-0.05276792282503849,0.13396269530563887,-0.023149997160463447,0.0012576221866934232,-0.0002518723613649639
17. Women's Econ E::c22,0.050382954423584224,2.3251331762198027e-05,0.1378248206842624,0.04843509973727576,0.016449108057125964
17. Women's Econ E::c24,0.022820400303287015,-0.0005661148616789871,0.17034419981558802,0.0682649916842543,0.03249049493193889
17. Women's Econ E::c26,0.04561933286056661,-0.002695498836023359,0.1602213273139619,0.04887824262292169,0.03946917155670369
17. Women's Econ E::c28,0.06401702691828841,-0.036781493651894495,0.10623691245427534,0.051736162644748646,0.030189882720841357
17. Women's Econ E::c30,0.03721488800067366,-0.03081354654486857,0.13532713781400843,0.10827905728143006,0.03454432390124217
17. Women's Econ E::c32,0.0576124377355645,-0.04075029498525596,0.12687006857871652,0.06869727138034244,0.046261112366328426
17. Women's Econ E::c38,0.06882351093081977,0.06306962090358509,-0.010813121886362628,-0.006594830895291466,0.08618200443667352
17. Women's Econ E::c39,0.06719880640857197,0.07855636117332278,0.006388947026082055,0.0007513326015382251,0.06813122132259053
18. Migration::c2,-0.038476827545247186,-0.03391236391060432,-0.06355143423169365,0.08046319002039012,0.04609548532220024
18. Migration::c3,0.020232649853846766,-0.08842777709237394,0.060291445366827186,-0.06574106243814853,0.0770128898106633
18. Migration::c4,-0.04182639510717181,-0.005035441300532852,-0.05442305201447508,0.07989411584858817,-0.015677649132724535
18. Migration::c5,-0.04416380115702858,-0.001044472780800808,-0.052585566558971876,0.07610674716314975,-0.016492508111782548
18. Migration::c6,-0.045306744659898014,-0.03364517071151562,0.02477191181394566,0.012591688923463802,-0.07982944498323048
18. Migration::c7,-0.05769488653039022,-0.014593932711774263,-0.037491862696712605,0.08920904899239333,-0.04665497612419678
18. Migration::c8,-0.053595538083934496,-0.09379717495995316,0.043438278999031237,0.09376413847539507,-0.00762576400173936
18. Migration::c9,-0.05200396091507991,-0.08991127951168451,0.04560314531437682,0.09097283672575562,-0.005853450314154878
18. Migration::c10,-0.0415160526165195,-0.11051470098609642,-0.023818094476268464,0.10893993365073623,0.05536109462666114
18. Migration::c11,-0.043195003909624226,-0.10935343430240163,-0.02325491109697295,0.10322135867956393,0.05971563578268408
18. Migration::c12,-0.052574238877221055,-0.07338843954312936,-0.03663876215697123,0.008684010714329997,0.00903215823545227
18. Migration::c13,0.05257423887721977,0.07338843954313191,0.03663876215697412,-0.008684010714340577,-0.009032158235445986
18. Migration::c14,-0.043854511669178586,-0.06121391809406084,-0.048028788876552535,0.08760708617286107,0.07011329862510508
18. Migration::c15,-0.0438318960092105,-0.05731877157121062,-0.048283056549946274,0.0815150476812649,0.07121273246255164
18. Migration::c16,-0.053003374601064135,-0.07528773956516632,-0.008501870271890088,0.07300527828153323,0.00827858114018869
18. Migration::c17,0.05300337460106412,0.07528773956516632,0.008501870271890123,-0.07300527828153328,-0.008278581140188609
19. Economic Indic::c2,0.07418938391261796,0.05117465561067355,0.07460385066593643,-0.0401299167879481,-0.005815327230182438
19. Economic Indic::c4,0.040931136268179985,0.01724935296824944,0.09587635933720422,-0.021221118108051516,-0.10222134247925563
19. Economic Indic::c6,0.08023714259089082,0.037426906286964365,0.04852235370193638,0.04775439960119023,-0.023674838043660655
19. Economic Indic::c8,0.05562804548026884,0.05352918295145317,0.04378983918438386,0.021154368874869583,-0.0761563292744077
19. Economic Indic::c10,0.06406191405104524,0.0012188077759009673,0.0590674398205133,0.009202215342813722,0.007362099465359545
19. Economic Indic::c12,0.0723780603258365,0.022185498891523624,0.036167651633119004,0.04854681519636535,0.008509648615636965
19. Economic Indic::c14,0.013801974397051789,0.0379592979438879,-0.014274667839072979,0.013774966024007086,-0.0718947388310795
19. Economic Indic::c16,0.03467402736952494,-0.05064469702058179,-0.044309825867346435,0.05888049745082,0.04255947660853309
19. Economic Indic::c18,-0.03540812475546277,-0.019488424957324717,-0.1074199690897446,0.11358820009275657,0.05559594482031128
19. Economic Indic::c20,-0.05654156409115267,0.023548844257817152,0.03122427763924743,-0.011107534145356831,-0.11305072598046917
